name,docs,cats,word,dpc1,dpc2,dpc3,dpc4,dpc5,dpc6,dpc7,dpc8,wpd1,wpd2,wpd3,wpd4,wpd5,wpd6,wpd7,wpd8,hard1,hard2,hard3,hard4,hard5,hard6,hard7,voc1,voc3,voc4,voc5,voc6,voc7,voc8,voc9,pca1,pca2,pca3,pca4,pca5,pca6,pca7,pca8,pca9,pca10,pca11,land1,land2,land3,land4,zeros,pos1,pos2,pos3,pos4,pos5,pos6,pos7,pos8,pos9,pos10,pos11,pos12,ease1,ease2,ease3,ease4,ease5,ease6,ease7,ease8,ease9,ease10,task,topics,author,english,sentiment,rating,irony,deception,hate,twitter,task2,representation
20news-18828,18828,20,3.5748147037,628,999,941.4,96.6019505088,-2.2085340182,3.9320330665,9.7451448448,4.3140774004,7,77587,405.7173358827,1264.5824304533,24.9748100198,997.7594300668,0.3208310713,13.0390001269,94.1559344917,0.1333768701,12.1908805739,3.6868871004,37.2053439954,12.200446144,0.4165193992,229710,421508,33.2543032519,1391.0107874817,178.0391418352,43844.8368634352,0.0239065747,10.8590897473,0.3061359035,688.682125048,0.4206888801,0.281475376,0.0341915446,1.13E-10,0.629602075,0.0004367137,3.31437192261819E-05,62.6409625357,5540.0958593505,0.6847229598,0.6247123385,0.8098778545,0.7695167286,0.9954990245,0.0636641974,0.0735028563,0.0336433016,0.0215704047,0.0655037423,0.3448930637,0.0438944574,0.0221999501,0.0454450842,0.1244833316,0.1590113219,0.0021882886,-1.85,18.7,29.4,16.67,37.4,3.42,78252,11,28.19,28,0,1,0,1,0,0,0,0,0,0,0,7
age-Wom,23473,8,3.5008007342,86,7912,2934125,2885.0025717988,0.5504781729,-0.9521908106,1.017026823,2.3115739187,0,149,68.6063562391,35.4941578162,-0.0906837781,-1.1244772573,1.9328915084,14.2910382688,2698.6727959082,0.2626512297,0.6434823062,7.7676803856,8.4748123277,0.6455502066,-0.1035034116,15153,88454,106.2757869729,1474.1717881893,37.7844741004,1750.8358359824,0.0720918605,8.471859839,0.2751399124,936.5916035535,0.6246382505,0.4131234145,0.0322477988,0.000000208,0.5822204671,0.0006638627,7.0295620769737E-05,42.6301980104,2366.7859555606,0.2661175802,0.2617154218,0.3445044022,0.3308719114,0.9986281075,0.1059068043,0.0844835156,0.0703944431,0.0453590015,0.1058235951,0.2005648297,0.0185177941,0.0254732218,0.0595250736,0.1662943982,0.1171158416,0.0005414814,-1354526.21,0,520495.3,8.73,667300.5,66196.47,9426,57,533843.88,0,1,0,1,1,0,0,0,0,0,0,1,53
amazon-cells,999,2,3.7826839114,499,500,499.5,0.7071067812,0,-2,706.3996744054,0.9999992772,2,37,12.1511511512,7.4917574063,0.7956896756,-0.1994723436,1.6219360148,9.6995401428,0.5,0.0453581512,2.2317630352,3.5007136754,0.2623828648,2.2432432432,0.3235024266,2241,880,5.416778224,27.5352430754,19.2352089357,507.0432223012,0.1967216418,8.6608788184,0.2225618805,227.5501865333,0.6346263277,0.5911790805,0.0277291873,-5.26E-12,0.6425923233,0.004742269,0.0005195041,17.335469519,395.3097549214,0.7633333333,0.7633333333,0.7866666667,0.81,0.9996959626,0.0905346404,0.077353983,0.0716698245,0.0324573688,0.0951478705,0.2250597249,0.012851141,0.0224894967,0.084932861,0.1623692232,0.124310075,0.0008237911,-284.53,39.2,144.2,13.2,185.8,23.2,778,60,152.35,12,3,0,0,1,1,0,0,0,0,0,3,13
auth-english-song,20779,40,3.2757022598,79,1843,519475,378.2902824823,1.8167114302,3.1600325042,1.3732179336,5.0140219205,1,1854,247.58164493,161.627104856,2.81399172,12.4473826256,1.5318077073,14.1036981618,373.5317247236,0.2254637396,2.34161895,1.6404758694,212.1221691397,2.3462149285,0.1547248778,48752,283459,105.5238554316,2389.7678008612,74.407839399,6969.922261575,0.0441565308,9.3031337799,0.267377797,908.56086131,0.5987586992,0.4341075068,0.0214719112,-2.38E-22,0.4892456477,0.0003668588,3.31998546347977E-05,52.4247635317,3639.5292264324,0.3538658967,0.3115174848,0.2592236124,0.1004170677,0.9972861286,0.0604774148,0.0752979056,0.0564593365,0.0269997137,0.0734275583,0.2312615864,0.0048447866,0.0345952055,0.1455764692,0.174954257,0.1109659075,0.0051398591,-27.93,13.5,51.8,8.15,68,7.04,31068,53,58.14,51,1,0,1,1,0,0,0,0,0,0,1,54
authorship_poetry,200,6,3.6205064178,19,56,33.3333333333,13.6039210034,0.6782869797,-0.739140139,2.4502739559,2.4889574161,68,2149,328385,294.4561578904,2.5320068634,9.138874725,1.115225446,7.2096562582,12.4186240068,0.0221623424,44.8181401792,16.3473347726,3.1982096473,45705,0.6596625029,9141,4925,7.184881304,72.4798889715,45.2145128388,2656.1499382094,0.0991293089,9.6585118819,0.2923758456,90.5067711754,0.8518237574,0.4167774634,0.0184444248,5.6846942055756E-05,0.6833453317,0.0013136395,0.0001244571,41.3855922116,2185.3467048152,0.3833333333,0.3833333333,0.3666666667,0.2833333333,0.9948095,0.0666900132,0.0967157452,0.0449015637,0.0452060843,0.0938532515,0.2448497952,0.0051768503,0.0212707645,0.0868949556,0.1466114469,0.1465809949,0.0012485345,-67.21,15.5,60.7,10.41,76.7,12.31,3670,18,66.04,60,1,0,1,1,0,0,0,0,0,0,1,52
auth-SouthPark,11953,5,3.2068384603,1024,4752,2390.6,1497.164252846,0.7348773853,-0.7127205987,1.5967519899,2.1056327477,5,368,27.313394127,19.6449833362,4.4266857816,34.7583745598,1.3903495696,13.2961723971,1339.1044171386,0.1362844576,1.1750949287,4.2112478392,2.8747047936,1.1769430269,0.0492597038,14068,17813,23.207065681,305.6758019062,39.3559742484,1895.5081581292,0.0759205195,8.8955072138,0.2204188263,741.1106650437,0.5544284003,0.5015811347,0.0165704917,2.82E-08,0.5195733006,0.0009455,0.000083974,32.1076530296,1398.5795440388,0.3586168433,0.4085331846,0.4947016174,0.3993307306,0.9994317215,0.0552749505,0.0639738787,0.0525059958,0.0201024881,0.0633429001,0.2158590039,0.0055409723,0.0313161417,0.122244446,0.1646609103,0.196047501,0.0091308117,94.05,7,2.9,6.94,4.7,0.95,6096,7.8333333333,7.45,6,1,0,1,1,0,0,0,0,0,0,1,53
auth-spanish-songs,3947,23,3.7510848627,100,684,171.6086956522,147.5252641323,2.6777356482,5.8695071698,1.1632495401,4.1843274932,3,1139,231.6116037497,124.4539309939,1.9339036383,5.6518418591,1.861022805,11.7693250906,144.2825546508,0.1181646286,8.9878443245,5.7496009033,48.897944652,9.012161135,0.4037740919,35571,36281,25.6998959827,376.1729135343,52.7135396002,3770.7022979139,0.0683193687,10.27881975,0.29090455,383.9024473684,0.6048895108,0.4361950636,0.0356255227,-5.99E-18,0.5461552482,0.0003614707,3.35257696797807E-05,53.0666535516,3736.8209533034,0.4109704641,0.4261603376,0.3594936709,0.2075949367,0.9972060806,0.072442683,0.0293610276,0.0141877176,0.0047223113,0.0421299735,0.5645913073,0.0009090203,0.0053578597,0.036469107,0.0802989813,0.0623701693,0.0871598421,-256.37,30.5,135.5,9.02,172.7,17.68,22379,57,142.26,135,1,0,1,0,0,0,0,0,0,0,1,46
bias-Politic,5000,2,4.1456927979,1311,3689,2500,1681.4999256616,0,-2,1.4867678326,0.8300480894,1,3272,41.8044,62.7878603212,29.9332585768,1433.5369695048,0.6658038638,11.7946447742,1189,0.0544967584,4.2589314224,14.3870540167,0.2498124531,4.2656,0.3885835067,21328,10751,9.8003563391,127.844043274,49.0942711043,3205.0192332824,0.0766586858,10.1643666923,0.2673471434,396.8283974158,0.4285017243,0.3745841529,0.0289149174,-1.46E-17,0.6106577406,0.0006310453,0.000054936,53.7827115183,3678.8317406192,0.3846666667,672,0.75,0.73,0.9991074933,0.0688874855,0.0872922467,0.0240070423,0.0234712136,0.0676435973,0.3661050033,0.0231554573,0.0343935088,0.0479662428,0.1298140866,0.1260106592,0.0012534566,33.51,17.1,17.9,16.31,24,6.75,12178,34,20.16,17,3,0,0,1,0,0,0,0,0,1,3,5
brown,500,15,2.6278163433,6,80,33.3333333333,21.2423655754,1.029452196,0.3366996465,1.5691912097,3.648562076,6227,8118,6663694,237.4390679437,1.6286711163,5.0557075529,28.0648591561,8.9648865101,20.5220748355,0.4920758509,95.8330921823,52.4570358243,25.4612849172,97556,0.5202411689,48778,1002999,68.3063471237,4756.5650130314,194.2038603213,40578.2022400319,0.0143604359,6.8564863368,0.6050503116,60.6909018276,0.9289377836,0.0822381373,0.0007222031,0.00000206,0.5614949164,0.0002269813,3.32829222538122E-05,65.7375819293,5273.9319676784,0.3266666667,0.26,0.28,0.22,0.9744527333,0.1008440664,0.1163039599,0.0319792596,0.017730406,0.0393529475,0.4742576715,0.0061668498,0.0173288269,0.0205678712,0.1380558591,0.0226090814,0.0148032007,8,16.5,19.4,33.95,34.3,1.92,30044,6625,14.86,33,0,1,0,1,0,0,0,0,0,0,0,35
cat-progressive-tweets,1159,4,3.9947381105,214,319,289.75,50.5857358024,-1.1428760133,-0.6754247105,5.7278992863,1.9823879172,6,38,21.4805867127,6.0189190212,-0.2428651917,-0.4531524712,3.568844611,10.1184596213,43.808532274,0.0566293499,4.7213699647,0.6718535004,0.9744597428,4.737704918,0.5071656212,5491,1325,4.5339646695,30.8020958752,25.3148927004,842.9222747822,0.1471966287,9.594337637,0.212062318,222.809226297,0.4987791447,0.4673132732,0.0158123525,-4.14E-12,0.5397521845,0.0025858063,0.0002058069,23.4337629244,712.0965520959,0.4540229885,0.5143678161,0.6120689655,0.6551724138,0.9995083405,0.0755543059,0.0711359254,0.041813946,0.0198827121,0.0561937661,0.3080012853,0.0115681234,0.0294424807,0.0748714653,0.1543219794,0.1557278278,0.0014861825,34.12,15.9,17.6,15.62,23.2,7.98,2853,20.3333333333,23.11,15,0,1,0,1,0,0,0,0,0,1,0,11
ccat,1000,10,4.278647934,100,100,100,0,0,-3,0,3.3219280949,92,1771,606213,175.9863256558,1.096390764,6.3194204294,3.4446596788,9.9059429618,0,0.0798720194,20.1331737295,8.4398545841,12.6223225507,20416,0.470767905,20416,26343,29.6930348746,392.2297391464,47.161045546,2687.7432299206,0.0757031706,10.0004399104,0.3294996387,160.5938437066,0.6327454022,0.233027858,0.0058595414,9.33626661928596E-06,0.6800538446,0.0006281724,0.000054445,58.8831321932,4554.3730508692,0.79,0.7433333333,0.82,0.71,0.9914479333,0.0715342627,0.1061376117,0.0288215528,0.0239552764,0.0870255174,0.3187427521,0.0430277807,0.0372624803,0.0289749642,0.152245168,0.1016573383,0.0006152953,49.59,14.3,13.8,13.24,17.8,1.84,11595,19.6666666667,14.88,13,1,0,1,1,0,0,0,0,0,0,1,42
classic,7095,4,4.8593986853,1033,3204,1773.75,971.9315390842,1.0209440085,-0.751170932,1.8249742175,1.8537850737,1,750,121.0596194503,97.3178662748,1.1220239299,2.274856291,1.243960889,12.3108721791,841.7174035863,0.0826702341,4.1507886633,13.0412282555,1.4139578783,4.1603946441,0.2972322301,29518,51627,29.098109628,538.7235096177,65.5100567899,5113.8477951697,0.0540130681,9.9519551536,0.3240558117,422.3297960749,0.4704791542,0.3226887043,0.0689536141,6.72E-08,0.6615989326,0.0003552798,4.01427680835134E-05,78.1701923884,7175.1504980569,0.7689055895,0.8243306717,0.9384687647,0.8031939878,0.997984186,0.1034708785,0.1367103728,0.0261328788,0.0306117697,0.1135742877,0.3104207852,0.0206678635,0.0206375929,0.010275719,0.1302697114,0.0960603923,0.0011677483,-269.95,50.7,130.3,17.96,165.8,16.23,17728,91,130.83,130,0,1,0,1,0,0,0,0,0,0,0,57
cyber_trolls,20001,2,3.4239979519,7822,12179,10000.5,3080.8642456298,0,-2,3.246004758,0.9654932598,1,394,16.013899305,10.9788481545,4.3083014651,96.9804292233,1.458613789,13.9845570303,2178.5,0.1082610271,1.0588749966,6.2802732622,0.2155900533,1.0595970201,0.020872386,21193,15671,15.113197754,185.9047646342,45.3867547544,2931.5446838076,0.0812953761,9.8819200551,0.2126386534,920.4479313604,0.5007174866,0.4739142459,0.0192100455,-3.71E-18,0.5994523567,0.0006601742,5.87217400424858E-05,43.7986046972,2713.7542499807,0.9070154974,0.8556907182,0.7530411598,0.699550075,0.9996229939,0.0795893773,0.0667043404,0.0571724728,0.023306712,0.0582558524,0.2694274635,0.0115612531,0.025492204,0.1056248322,0.1784610389,0.1210544063,0.0033500471,71.89,9.7,9.3,9.17,12.1,1.85,9673,5.3333333333,13.43,9,4,0,0,1,0,0,0,0,1,1,4,35
davidson-hate,24678,2,3.7787670386,1425,23253,12339,15434.72681974,0,-2,0.7994310586,0.3184225192,1,90,17.0401167031,8.7455238308,0.5487507686,0.323102391,1.9484386565,14.3973019371,10914,0.1404330886,0.9836260933,9.3656070247,0.1354934332,0.9842369722,-0.005603312,24289,18743,17.3130223558,257.9914867944,44.5986941001,2546.9188532265,0.0671069521,9.467979691,0.2514626776,1018.5290486764,0.5715525524,0.5128069062,0.0320482728,3.76E-09,0.6309716673,0.0004093854,5.27172643415493E-05,63.5190965043,4870.0941491158,0.9136952998,0.9197730956,0.9430037817,0.9419232847,0.9995884499,0.0789292203,0.0654362735,0.0413206632,0.0372542305,0.0658357827,0.3650800445,0.0090008466,0.0226364752,0.0851525269,0.1516945847,0.0763300326,0.0013293192,37.44,13.2,20.5,11.16,26,3.2,15067,8.1666666667,23.88,20,4,0,0,1,0,0,0,0,1,1,4,0
bbc_NewsArticles,2225,5,4.1494039111,386,511,445,60.7906242771,0.3105562157,-1.7802371052,7.3202077671,2.3112633272,100,5065,452.1608988764,276.3072252638,5.9557566035,70.87925217,1.6364425449,10.9336560506,54.3727873113,0.0815377798,15.0775704912,29.9562819591,2.9553076948,15.1779775281,0.4448525658,33771,44610,29.7905895591,487.8124273928,58.8269781355,4265.7135964379,0.0610697635,10.2802678956,0.3364838276,223.4632121931,0.486365914,0.2055190955,0.0070467561,0.00000176,0.7145579849,0.0003841656,3.38428944201598E-05,80.0688566367,8498.5638070369,0.7739520958,0.7874251497,0.9086826347,0.7829341317,0.993269603,0.0695019571,0.1040347574,0.0352534347,0.0255710903,0.0900206549,0.3060151602,0.0263414237,0.0374481392,0.0426337249,0.1675092291,0.0948484083,0.0008220202,56.63,13.6,13.1,11.91,17.4,1.92,19615,8.8333333333,15.44,13,0,1,0,1,0,0,0,0,0,0,0,9
bbc_Summaries,2225,5,4.1715300896,286,511,445,60.7906242771,0.3105562157,-1.7802371052,7.3202077671,2.3112633272,44,2451,200.4876404494,129.9781939205,6.73354278,85.4973675872,1.5424713516,10.920613739,54.3727873113,0.0639199511,10.2492793813,13.2474572666,2.6540475473,10.3015730337,0.4399934841,22921,20610,19.4618472143,258.9511746621,48.8327398182,2992.8251622751,0.0751564353,10.2221960732,0.3016901621,246.7194860701,0.4646009715,0.2701367876,0.0130494953,0.00000411,0.72611291,0.0005441705,4.89673743919034E-05,68.2092456596,6175.5687117801,0.7155688623,0.7245508982,0.8847305389,0.8023952096,0.9965538727,0.0697759396,0.105506798,0.0333613549,0.0240963045,0.0904267124,0.3159509959,0.0276942735,0.0371857381,0.03891635,0.1667103803,0.0895614065,0.0008137463,-13590.91,233.7,5254.9,13.9,6737.1,668.62,12995,67,5390.95,5254,0,1,0,1,0,0,0,0,0,0,0,57
dec-doctor,556,2,3.9093602269,200,356,278,110.3086578651,0,-2,2.5202010919,0.9424440595,25,419,114.1366906475,52.8731886195,1.5179233431,3.873323288,2.1586874866,8.9800226231,78,0.0813306623,7.8759297121,31.5782530959,0.328991691,8.0089928058,0.4391789651,4453,4083,14.2510666966,102.6381383576,23.3661642424,721.1022342222,0.1388476732,8.6745878006,0.279828681,152.1514635839,0.7054698543,0.4281901086,0.0083864608,9.57690506409559E-05,0.4915685319,0.0026901574,0.0002477982,18.3968652631,439.7318703728,0.6766467066,0.6946107784,0.7784431138,0.628742515,0.99778753,0.0759848724,0.087677277,0.0641506461,0.0426095178,0.0708005043,0.2083832335,0.0066341002,0.03356445,0.1262212417,0.1799558777,0.1037503939,0.0002678853,72.46,10,7.1,8.35,7.5,1.39,2142,6.1111111111,9.82,7,3,0,0,1,0,0,0,1,0,0,3,57
negative_polarity_op_spam,800,2,3.8109726969,400,400,400,0,0,-3,0,1,36,890,204.0975,111.9589612537,1.8171962029,5.5151765797,1.822967074,9.4550104032,0,0.1053449848,10.8751165119,48.5141103185,0.384624107,11.02375,0.4512565374,8819,7862,18.5143440299,177.9719629932,29.1882597125,1058.4924370641,0.1040295545,9.0289596429,0.3176048085,155.5557730516,0.6656877579,0.2956033035,0.0092724834,2.54426378611232E-05,0.6753435252,0.0012730374,0.0001300447,35.896804689,1789.0209989874,0.5875,0.65,775,0.7375,0.9964682917,0.0678658484,0.0968899668,0.0651220618,0.0341809674,0.1072097894,0.2121902522,0.0131432281,0.0332194172,0.0877644263,0.1773110891,0.1041230294,0.0009799238,79.19,9.5,6.5,7.83,7.9,1.32,4125,10.6,10.12,7,3,0,0,1,0,0,0,1,0,0,3,29
positive_polarity_op_spam,800,2,3.921085553,400,400,400,0,0,-3,0,1,28,514,136.88875,74.4174799701,1.6789927728,3.9923634427,1.8394703779,9.4577236078,0,0.0975947998,8.0759230739,35.5587092883,0.358430055,8185,0.4273696232,6548,5720,16.7243433109,142.74691718,25.4370701695,802.2693004213,0.1171608021,8.8296631335,0.3068691325,162.0028078584,0.674129301,0.3240689608,0.010695736,3.84033985879731E-05,0.6771535715,0.0016293931,0.0001776222,31.8130890478,1367.0036461837,0.6541666667,0.7041666667,0.7708333333,0.8375,0.9974276667,0.0873702185,0.092246441,0.0588799299,0.0406991079,0.1111212572,0.2360676096,0.0113504579,0.0265818046,0.0745404571,0.1529526714,0.1074960506,0.0006939942,71.65,9.8,7.4,8.64,8.1,1.28,2809,6625,9.78,6,3,0,0,1,0,0,0,1,0,0,3,54
dec-restaurant,400,2,3.8461366181,200,200,200,0,0,-3,0,1,30,677,156275,94.7002360703,1.759694715,4.4384699445,1.6502070796,8.4160352561,0,0.0734752602,13.1384388116,35.6047765405,0.3655893891,13.3825,0.5134886001,5353,3138,11.6775639828,85.8986648294,22.804592961,640.151543076,0.1359458148,8.9931582654,0.2869296003,123.2679450503,0.7194374835,0.3754874674,0.0132841844,7.37521489655247E-05,0.6367618841,0.0021808403,0.0002153133,26.9713842288,967.3681777949,0.6666666667,625,0.7833333333,0.6666666667,0.9971359167,0.0831706927,0.0844024956,0.0600863862,0.0430011198,0.0986082227,0.2228603423,0.0118381059,0.0296912494,0.0870420733,0.164037754,0.1142857143,0.0009758439,81.53,9.3,5.6,8.29,7.4,1.39,2182,9,9.67,8,3,0,0,1,0,0,0,1,0,0,3,52
Deflate,11786,5,3.9753271207,736,5039,2357.2,1752.7320673737,0.7125729221,-0.98176912,1.3448718397,2.0168275632,3,52,24.8285253691,6.710970064,-0.4426390115,-0.2011055425,3.6996924636,13.4675090926,1567.6912195965,0.1017690207,2.171566568,3.6535126133,1.8998564831,2.1734260988,0.2416894182,25616,21802,11.4236805122,218.0225910243,60.5141958848,4819.7741646924,0.0523967744,9.2563147063,0.2444753772,662.5163317217,0.4826550177,0.4143200814,0.0135401859,5.89255212791404E-06,0.6103809982,0.0004206756,4.51416137471351E-05,61.1899458834,4532.8263025422,0.4833144796,0.4943438914,0.5732466063,0.4479638009,0.999480228,0.0657077733,0.0558249524,0.0305950538,0.0122236689,0.0482556411,0.4261163453,0.0138878922,0.018890814,0.037494575,0.1091108537,0.1810415236,0.0008509068,14.6,21.3,23.1,22.58,34.1,7.55,17006,36.5,25,22,3,0,0,1,1,0,0,0,0,1,3,10
gender-microblog,781,2,2.9819874275,313,468,390.5,109.6015510839,0,-2,3.5629057813,0.9713982159,0,51,10.5915492958,6.9476710934,1.3873899884,2.6522871395,1.5244747705,9.3284617613,77.5,0.0725290301,3.1104693023,2.0415820988,0.1201312013,3.1229193342,0.4825173779,2439,870,3.3915539155,23.4385296089,26.990851491,887.2776466594,0.1446999437,8.4935988156,0.2742766775,144.3007175747,0.4663100146,0.3686316586,0.1158190078,-1.71076260801615E-14,0.9975745801,0.0013254126,0.0005854413,41.002636395,1685.6740631193,0.6212765957,0.6042553191,0.6042553191,0.6,0.9998728126,0.0958655706,0.0008462282,0.000483559,0.0012088975,0,0.5981624758,0.1364845261,0,0.0003626692,0.0276837524,0.1386605416,0.0002417795,-3825.85,0,1434.5,24.22,1797.6,182.05,271,19.3333333333,1434.23,1434,1,0,1,1,0,0,0,0,0,1,1,55
gender-twitter,19953,4,3.779504223,1117,6700,4988.25,2600.0087660109,-1.1032849441,-0.7035430741,1.9185512238,1.8058099156,2,50,21.7301658898,7.9064206965,-0.0958190166,-0.9128574375,2.7484201416,14.1822124968,2251.6736414276,0.1154798272,2.5505176298,3.2297891108,0.9559578819,2.5514960156,0.3042451117,50910,18115,8.5166372029,172.8039646159,58.6478445199,4279.2645603519,0.0492849642,10.2967031269,0.2823916639,818.5510055465,0.4805731749,0.426663079,0.0129720482,0.000000009,0.6060597653,0.000324637,3.32290517771532E-05,69.7995004934,5939.5980605783,0.4173070498,0.4580688273,0.5255596392,0.4986635483,0.9995287576,0.0732225969,0.0645644884,0.034851539,0.0341065819,0.0600832138,0.3784497511,0.0272243774,0.0211401765,0.0601870004,0.1243409551,0.1209436739,0.0008856456,27.56,17,22.2,16.84,31.3,7.92,31187,34,27,16,1,0,1,1,0,0,0,0,0,1,1,57
hate-imperium,6593,2,3.6311736332,1742,4851,3296.5,2198.394982709,0,-2,1.4995030583,0.8330473235,3,7005,45.1228575762,118.2605180705,35.4984224217,1901.7227098347,0.3815547091,11.6764978301,1554.5,0.1087188809,4.2467331656,14.9399178237,0.1901109486,4.2516305172,0.3799303731,28031,8982,10.6130712426,143.939456067,39.4537895879,1864.2997389054,0.0737328842,10.1828012441,0.2447074063,500.4506585793,0.4941047064,0.4427412609,0.0282252774,-1.92117434876168E-17,0.5642383994,0.0005002224,4.38026299573351E-05,52.0153196416,3546.8752963534,0.7441860465,0.7891809909,0.82760364,0.7441860465,0.9991430912,0.0823039043,0.074841594,0.0476243298,0.0253516866,0.0661490109,0.3354476546,0.0113447285,0.0257248021,0.0812652313,0.1660128742,0.0803408461,0.0035933377,39.44,14.4,17.7,13.3,22.9,6.57,12676,21.3333333333,20.39,17,4,0,0,1,0,0,0,0,1,1,4,53
hate-tweets,24783,3,3.6554712053,1430,19190,8261,9562.9285786311,0.6426889267,-1.5,0.8638567079,0.9554932893,1,169,19.7724246459,10.2251596032,0.9926972595,6.2668557645,1.9337032783,14.4042710315,7808.0984881084,0.1666808355,1.6794310801,6.8557439327,0.4366911889,1.6801436469,0.1738703659,41639,17022,11.7682941473,197.6267157025,46.5205492572,2745.2774393074,0.0595480935,10.0062332795,0.2161954526,1000.4167342217,0.4802100787,0.4547270709,0.0121696782,3.60722021727995E-19,0.5002499072,0.0004173335,3.31602714261108E-05,48.5619697579,3181.6492145528,0.7987895091,0.8832548756,0.8886348352,0.7815736382,0.9995720104,0.0897269499,0.0563242317,0.0366923799,0.018131913,0.0569650218,0.3480715073,0.0422207257,0.0195318558,0.0737357659,0.1393943104,0.1176298927,0.0015754459,39.17,14.6,19.8,15.8,29,7.35,26782,19,24.72,19,4,0,0,1,0,0,0,0,1,1,4,28
iro-edu,20000,2,3.9618074589,10000,10000,10000,0,0,-3,0,1,1,90,18.15145,6.93928819,0.1863187862,0.1305429434,2.6157509968,14.1761659402,0,0.0920127786,1.63485955,6.7928785641,0.2383688941,1.6357,0.1697527456,32714,9870,11.0970532494,155.4512774157,43.5305334076,2259.0743142741,0.0713860538,10.5329376683,0.2466154384,831.8125939428,0.4400089476,0.405846506,0.0163973908,-2.57034820286563E-17,0.4666721968,0.0004306657,4.02790523635705E-05,55.0809500353,3648.2662161082,0.6611666667,0.8845,0.9065,911,0.99955024,0.081348873,0.0728922483,0.0354792592,0.0135002989,0.0581578882,0.3741629457,0.01314771,0.0257417451,0.0578686551,0.1342895471,0.1312622408,0.0021485887,46.14,14,15.1,13.41,19.6,6.48,20869,16,18.33,15,2,0,0,1,0,0,1,0,0,1,2,52
iro-hum,19870,2,3.8074188165,9870,10000,9935,91.9238815543,0,-2,108.0785518629,0.9999691228,1,1682,19.1802717665,15.2575293626,71.9395155583,7365.6164306746,1.2571020714,14.1301092007,65,0.1172738304,1.5333414687,7.2240159488,0.2418894538,1.5342224459,0.1449020876,30485,12093,12.5016237494,177.1066435592,40.1353340275,1961.7254138944,0.0705881129,10.1712019469,0.253951496,858.2816329201,0.4917748312,0.4495179985,0.0253729784,-1.0730600585736E-17,0.6152981884,0.0004065414,4.24495640482936E-05,57.7383327601,4354.8367553288,0.6601241402,0.8649555444,0.9000167757,0.8996812615,0.9995411257,0.0781659984,0.0746001176,0.0386238166,0.0129410777,0.0622861521,0.3574670963,0.0112407901,0.0234261844,0.0687671865,0.1369072609,0.1332547912,0.0023195281,46.74,12.8,14.9,12.31,18.5,6.26,18332,16,17.61,12,2,0,0,1,0,0,1,0,0,1,2,52
iro-mohammad,1929,2,4.0707467119,532,1397,964.5,611.6473657264,0,-2,1.5768889953,0.8496515627,1,44,19.5500259202,7.0846768821,-0.0332649621,-0.6925819139,2.7594802481,10.8127586327,432.5,0.0357583636,3.1221814216,6.496704186,0.2523178808,3.1311560394,0.3839257508,6040,2739,6.2437086093,50.4426100329,33.9931105638,1575.2060077182,0.1237784604,9.3389551324,0.2557150849,281.4414354266,0.5686664941,0.4794649534,0.0453911683,2.68052042348688E-07,0.8833169493,0.0013752036,0.0002026492,50.7203586748,3038.1220180335,0.6476683938,0.6252158895,0.7236614853,0.7150259067,0.9995204769,0.0699512092,0.0768985999,0.0414987272,0.0203648706,0.0614128129,0.3585330929,0.0133379296,0.0302821383,0.0691291896,0.1595513364,0.0976877387,0.0013523547,45.63,13.9,15.3,12.89,19.5,6.77,2781,15.25,19.21,19,2,0,0,1,0,0,1,0,0,1,2,1
iro-pol,20000,2,3.9586908218,10000,10000,10000,0,0,-3,0,1,1,124,18.4971,7.3348879759,0.4375760859,4.3297671642,2.5217972055,14.1672280384,0,0.091527464,1.593243818,6.980125327,0.2341446584,1.5941,0.1598255696,31882,10711,11.6034753152,158.7374671795,42.6698662701,2175.4916678317,0.0730985288,10.5308436381,0.2420356838,842.6619724007,0.4491936023,0.4145881091,0.0158829741,-5.18964012934384E-19,0.4927658185,0.0004446107,4.09444179947829E-05,55.5422210619,3733.2610751117,0.6633333333,0.9088333333,928,0.9258333333,0.9995421317,0.0802477145,0.0710949284,0.034913581,0.0132993821,0.0567818739,0.3935130372,0.0120289126,0.0252985603,0.0517702775,0.126308989,0.1324829298,0.0022598137,43.8,14.6,16,13.59,21,6.55,20394,16,19.15,15,2,0,0,1,0,0,1,0,0,1,2,52
iro-riloff,2080,2,3.7558534627,474,1606,1040,800.4448763032,0,-2,1.2992774778,0.7743054471,1,813,15.5644230769,22.6475745851,26.8971871353,864.9868666207,0.6872445885,10.6535819012,566,0.104573867,2.941327121,5.534799888,0.1800391389,2.9480769231,0.3938644433,6132,918,5.2795172864,33.5949393363,18.826850195,421.2260361335,0.1571521601,9.6072424805,0.2313473767,301.1560971664,0.5435431848,0.5066197322,0.0187188105,-5.74942213524242E-14,0.5622420105,0.0019364148,0.0001951358,27.0548486247,913.7822504418,0.7115384615,0.7467948718,0.7948717949,0.7644230769,0.9996233654,0.0810526966,0.0706739977,0.0526966084,0.0172051646,0.0579168469,0.3154383147,0.0229505158,0.0320318774,0.0854389325,0.154383147,0.106906777,0.0033051214,50.94,13.4,15.3,11.79,20.2,7.13,2608,11.2,20.96,11,2,0,0,1,0,0,1,0,0,1,2,4
iro-semeval18,4466,2,4.0117637832,2146,2320,2233,123.0365799265,0,-2,18.1490740505,0.9989047443,1,1125,17.1307657859,21.2515759657,35.4957283799,1705.8086693262,0.8060939016,11.8456342511,87,0.0446997952,2.4386926451,4.9635570616,0.2582064918,2.4420062696,0.3142762789,10906,4710,7.015037594,73.7191739034,37.9970579528,1926.0579802105,0.0951589284,9.581373801,0.2691176028,417.5337252759,0.5634814856,0.5049423526,0.0521575106,-1.07128571003554E-16,0.8466544619,0.000715562,0.000112164,62.9521443691,4728.0464068509,0.5791044776,0.5985074627,0.6432835821,0.6425373134,0.9995954098,0.0831438057,0.0729615978,0.0503097796,0.0180639427,0.0605181293,0.3440514469,0.0204297702,0.0291349698,0.0733537239,0.1503411497,0.0961362508,0.0015554336,34.97,14.6,19.4,13.13,24.7,7.26,5446,11.6,23.33,11,2,0,0,1,0,0,1,0,0,1,2,30
kaggel-hate-i,6594,2,3.8068437607,1742,4852,3297,2199.1020894902,0,-2,1.4992482685,0.832988113,0,2863,40.0197148923,78.944530881,16.1151211872,448.2368715738,0.506934609,11.7484851942,1555,0.0682521111,3.884790455,13.7570708336,0.1969507915,3.8892932969,0.3681459592,25646,11499,10.2897137955,138.1550477289,47.6956527856,2958.5687489617,0.0744794632,10.2420958967,0.2433598897,505.3365170721,0.5048461805,0.4502879799,0.0291524438,-2.25372018843252E-17,0.5687549103,0.0005333183,4.77094147671918E-05,50.4521472112,3329.0955390415,0.7539161193,0.7897928247,0.8479029813,0.7650328449,0.9991619048,0.0721550646,0.0827807041,0.0531812498,0.0260032589,0.0757626284,0.2640607829,0.0129637349,0.0290272462,0.0940505514,0.1710940164,0.116582667,0.0023380954,64.64,11.2,10.1,10.51,12.6,5.74,12695,11,13.75,10,4,0,0,1,0,0,0,0,1,1,4,55
machado,246,8,3.8560714094,3,137,30.75,44.9817423279,1.9137141694,2.1425928376,0.683610692,2.0332986536,137,324384,12690.8292682927,27736.1968595544,6.8934574046,66.0414072412,0.4575547734,6.5621751925,42.0765671128,0.0967437142,313.8041157164,305.7516885975,6.3347311665,323.012195122,0.611484107,79461,224333,39.2890097029,1241.1839049283,116.2380499963,17185.3421116471,0.0316544628,10.0534726236,0.3648020652,68.3572287631,0.8052796031,0.1520442435,0.0041058052,7.57755097170778E-07,0.5295884251,0.0004310222,3.31486581250874E-05,61.8577827455,4986.2009281822,0.6216216216,0.7702702703,0.5675675676,0.5405405405,0.9359760163,0.0935980914,0.0280850649,0.0062874286,0.0115030891,0.0360964194,0.5015704958,0.0018844028,0.0027309907,0.0051983636,0.0690938082,0.1671202302,0.0768316152,53.04,13.5,12.4,11.49,15,1.64,52101,17.75,13.42,13,0,1,0,0,0,0,0,0,0,0,0,46
malmasi-hate,7162,3,3.6058185412,1188,3581,2387.3333333333,1196.5100640335,-0.0087003847,-1.5,1.9952471819,1.4583526367,2,654,18.6502373639,15.9418229284,20.0659180049,674.0558981977,1.1698936469,12.5456184323,976.9463763289,0.1203721569,2.0161777072,4.2037800551,0.6639337286,2.018430606,0.2400390149,14456,4546,9.2399695628,85.6402935459,27.9601648852,1015.3784708766,0.1078927825,9.8972082204,0.229905029,556.0160261977,0.5376380329,0.4983587372,0.0310326161,1.52775920188917E-06,0.8097125286,0.0007712444,8.78068268036094E-05,62.1399853537,5019.5843020162,0.6016751978,0.7538389949,0.7543043276,0.7100977199,0.9995721307,0.078983028,0.0647286503,0.0400305451,0.0200115293,0.06050624,0.3921600922,0.0113046798,0.0236799353,0.0824867301,0.146549078,0.0782493468,0.001310145,41.6,14.2,18.9,12.38,25,7.14,7493,14,23.53,13,4,0,0,1,0,0,0,0,1,1,4,59
masc_tagged,389,20,5.3213059842,2,96,19.45,27.4523031341,1.797947721,1.9062840972,0.7085015747,3.3158589334,60,32533,2049.1002570694,4193.2879827055,4.1932318299,20.8002232834,0.4886619439,7.1454448128,26.757195294,0.0905834918,109.9171542482,87.7986517346,31.1847895251,111.1413881748,0.6177976045,43234,78569,18.4368783828,587.7518873138,102.1214426137,11804.6672867113,0.0313684716,9.3477216229,0.3195048853,118.1648482102,0.7548493016,0.4081395808,0.0240281643,0.000001864,0.5577425437,0.0004310196,3.314866037723E-05,57.7210742699,4279.7233271339,0.5982905983,0.7692307692,0.6324786325,0.3846153846,0.9861394173,0.0578647598,0.001825367,0.0032680969,0.0069552126,0.0001781458,0.6532367332,0.0172713587,0.0049918454,0.0003073642,0.0272500314,0.2199912182,0.006859867,-335.96,49,153.6,33.44,206.8,23.25,30133,20.3333333333,154.95,153,0,1,0,1,0,0,0,0,0,0,0,46
medium-papers,185,3,4.691184424,50,78,61.6666666667,14.5716619963,0.5280049792,-1.5,4.2319583506,1.5587927396,2,22,9.9945945946,3.9925165014,0.3831506004,-0.10645374,2.5033320691,7.4144110166,11.8977121984,0.1637030129,2.8124882616,0.7707142706,1.3105861393,2.8648648649,0.4572115023,530,102,3.4886792453,7.0529233606,7.5363094075,81.0081330895,0.4946430107,7.9562889562,0.2210551926,118.430379669,0.9673721529,0.8673107845,0.0488609876,-6.04908065832587E-16,0.7291303323,0.0135995879,0.002056789,10.8342253309,148.6433827378,0.1964285714,0.1964285714,0.3928571429,0.3928571429,0.9997297297,0.0302866414,0.0816657653,0.0270416441,0.0200108167,0.0470524608,0.5273120606,0.0248783126,0.0254191455,0.0292049757,0.0989724175,0.0859924283,0.0021633315,-39.85,28.1,41.9,20.68,54.9,11.45,283,34.5,47.31,41,0,1,0,1,0,0,0,0,0,0,0,56
movie_reviews,2000,2,3.9314442298,1000,1000,1000,0,0,-3,0,1,19,2879,791.91,347.3380957747,1.2686097756,2.9861366658,2.2799399479,10.836216597,0,0.1060342959,19.7098947782,154.4241824185,0.4810148863,19884,0.447964461,39768,77717,39.8264936632,821.768262771,66.5238284384,5375.6741765067,0.0484643852,9.783120794,0.3915069672,179.3625122833,0.5029944167,0.1353768446,0.0032697806,2.6327909770382E-06,0.6719009269,0.0003721269,0.000033196,72.595469346,7052.0783984839,0.5583333333,645,745,0.81,0.98904695,0.0941571643,0.0997480774,0.0566295412,0.0308829286,0.1015860388,0.239935725,0.0098016189,0.0289540478,0.0518726876,0.1463543837,0.1383383213,0.0017394653,-1312594.54,0,504377.4,12.39,646635,64146.39,28325,53,517309.68,12,3,0,0,1,1,0,0,0,0,0,3,29
polarity,1386,2,3.9663729696,692,694,693,1.4142135624,0,-2,490.0249993623,0.999998498,85,2337,797.9906204906,342.9239855125,1.0121215643,1.5452083839,2.3270189727,10.3095114737,1,0.0843725148,26.1604782296,151.6024681439,0.4522313869,26.417027417,0.4899672748,36614,57584,30.2074343147,592.0368171065,66.7214726541,5411.8260450548,0.0510228983,9.887336523,0.3771350464,153.9619169259,0.5077667543,0.1423939849,0.0039644888,4.82563997916664E-06,0.6653802488,0.0003864664,3.31850832044367E-05,71.4530853327,6845.2572591812,0.5817307692,0.6730769231,0.71875,0.5360576923,0.9887642617,0.0945448299,0.0979019272,0.0558120821,0.0305520269,0.0979516553,0.2439505793,0.0108488583,0.0283748412,0.0503835843,0.1438805079,0.1439618812,0.0018372264,-913861.94,0,351169.8,12.45,450215,44661.61,24530,59,360173.89,351169,3,0,0,1,1,0,0,0,0,0,3,13
Politic,5000,9,4.1456927979,121,1411,555.5555555556,501.1975935475,0.636178154,-1.175012471,1.1084561512,2.6544535089,1,3272,41.8044,62.7878603212,29.9332585768,1433.5369695048,0.6658038638,11.7946447742,472.5336228157,0.0544967584,4.2589314224,3.4558332393,6.2548959301,4.2656,0.3885835067,21328,10751,9.8003563391,127.844043274,49.0942711043,3205.0192332824,0.0766586858,10.1643666923,0.2672818128,396.9253925668,0.4286091714,0.3746780801,0.0289149174,-2.89674433953232E-17,0.6106577406,0.0006310453,0.000054936,53.7827115183,3678.831740619,0.2806666667,0.2693333333,406,0.3606666667,0.9991074933,0.0687822334,0.0873209519,0.0240548842,0.0234664294,0.0676292448,0.3661767661,0.0231554573,0.0343791563,0.0479327535,0.1298236549,0.1260154434,0.0012630249,33.62,17.1,17.8,16.31,24,6.75,12149,31.5,20.11,17,0,1,0,1,0,0,0,0,0,1,0,3
pros_cons,45875,2,4.1746743078,22935,22940,22937.5,3.5355339059,0,-2,6487.7047173866,0.9999999914,0,152,9.159280654,5.639214464,1.9319303855,22.2454510106,1.6242121509,15.2236506963,2.5,0.1215262077,0.4829873369,3.7009861092,0.3018951864,0.3055040872,-0.5354024946,14015,46168,29.9808776311,452.527211699,80.5829898191,7855.1851797742,0.066252099,9.2704712728,0.2165849465,1170.7389163845,0.5664862655,0.5447945133,0.0319243238,-1.6313351087525E-20,0.5134234111,0.0009446286,0.0001259467,31.8167435855,1185.5818095184,0.8689655172,0.9043678161,0.9359770115,0.932183908,0.9997698598,0.1292320947,0.0476246008,0.0433788216,0.0231637719,0.034951521,0.3864968038,0.0149530442,0.0261315335,0.0138844596,0.0943162725,0.1842320709,0.0016350058,-19.55,22.7,34.1,17.31,42.2,8.47,23380,64,34.27,33,3,0,0,1,1,0,0,0,0,0,3,14
rating-Women,23486,5,3.5008894423,842,13131,4697.2,4982.0046366899,1.1433594467,-0.2670574104,0.9428333256,1.7498672057,0,149,68.5992506174,35.4964487975,-0.0906165213,-1.1247147524,1.9325665789,14.2917567566,4456.0404127431,0.2626823233,0.6434243474,12.6401216053,3.9051518447,0.6454909308,-0.1035276642,15160,88491,106.2745382586,1474.4744490189,37.7940326748,1751.7431834346,0.0720762156,8.4719793744,0.2751071988,936.9212534063,0.6246930245,0.4131697248,0.0322611642,2.07895556926615E-07,0.5822853478,0.0006635305,7.0261053667436E-05,42.6441403101,2368.4363837633,0.4280442804,0.501135396,0.6352540448,0.5597502129,0.9986282196,0.1058808706,0.0844796359,0.0704080759,0.0453522452,0.1058262503,0.2005900236,0.0185150473,0.0254679658,0.0595243563,0.1662921864,0.1171252084,0.0005381343,-1355127.09,0,520726.2,8.73,667596.5,66225.83,9463,56,534080.68,0,3,0,0,1,1,1,0,0,0,0,5,14
rawdata_cric,158,4,4.1362639203,30,48,39.5,7.4161984871,-0.2264724201,-1.0355922865,5.3261789135,1.9805197569,509,2744,1133.8291139241,404.5976249657,1.3835682508,1.7754376608,2.8023622581,7.2214820926,6.4226162893,0.0488583803,84.2095489465,34.9827831221,1.8257948803,87.2594936709,0.6353846592,13787,9407,12.9937622398,154.2162472353,40.7857602226,2012.9746577027,0.0842567659,9.6576916498,0.3733043969,56.6998279565,0.9022582261,0.1737955739,0.0008755087,2.98621924614544E-05,0.7071850839,0.0008155102,7.75943996701833E-05,51.3564258836,3547.7157981507,0.7291666667,0.7083333333,0.7916666667,0.5,0.9849575949,0.0714225906,0.1090122526,0.0534371598,0.0341734349,0.1074381088,0.2533813391,0.0148594714,0.0345083592,0.050914064,0.1639788998,0.1063663513,0.0005079684,61.9,12,11.1,11.03,14.4,5.75,8028,11.4,14.52,11,1,0,1,1,0,0,0,0,0,0,1,13
rawdata_fin,175,6,4.3788190247,25,30,29.1666666667,2.0412414523,-1.788854382,1.2,14.2886901662,2.5818968599,328,1531,931.24,236.9255899484,0.4945806554,-0.1409587166,3.9305167509,7.4053146848,1.8633899812,0.0333587661,86.2544907086,19.3320659214,3.7780273201,88.6685714286,0.6560219892,15517,9257,10.5024811497,136.5156275798,48.8595677693,2799.2717608041,0.076932446,9.9917815648,0.3347585117,65.7640536139,0.8479246155,0.2023468766,0.0013028461,4.91168215208968E-05,0.7129213293,0.0008290317,7.49842397782626E-05,53.7598782883,3814.0504929179,0.7547169811,0.4150943396,0.6603773585,0.2264150943,0.9868567619,0.0688605669,0.1130290181,0.0434443783,0.0268950156,0.1042358269,0.284302957,0.0196665583,0.0282143011,0.0428062123,0.1575656421,0.1107279388,0.0002515847,49.18,14.1,13.9,12.31,17.3,6.03,8132,7.25,16.38,13,1,0,1,1,0,0,0,0,0,0,1,34
rawdata_nfl,97,3,4.1631675309,31,34,32.3333333333,1.5275252317,0.3818017742,-1.5,21.1671353529,1.5838940564,266,1878,940.3402061856,309.5440493222,0.5927036512,0.8611821288,3.037823561,6.5227074427,1.2472191289,0.0462582114,87.9449956133,45.0623474278,0.8595280497,92.1649484536,0.6607391423,8940,4639,10.2027964206,99.5791801816,36.1220401391,1541.7539178878,0.1024591325,9.5652443258,0.3259878708,51.4449338585,1,0.236800911,0.00188561,7.69003406227867E-05,0.7219020025,0.0014074893,0.0001263719,40.6248221773,2291.642005892,0.9,0.8,0.8666666667,0.4,0.9873749141,0.062765176,0.1032528258,0.0427789898,0.0262352954,0.1014219464,0.276999989,0.0236369816,0.0281758083,0.0578207054,0.1636279916,0.1130540603,0.0002302303,53.58,12.8,14.3,11.15,18.3,6.19,4295,14.25,17.87,17,1,0,1,1,0,0,0,0,0,0,1,34
rawdata_travel,172,4,4.3874231979,37,45,43,4,-1.1547005384,-0.6666666667,10.75,1.9951604377,238,2325,1023.8488372093,388.5255835373,0.5274073032,0.1103676602,2.6352160079,7.3230608579,3.4641016151,0.0305880981,87.8856210577,21.2706976557,1.6682610296,90.4651162791,0.6499428114,15560,11033,11.3176092545,146.3635858816,50.2778655882,3067.5252704503,0.0773253073,9.9812639499,0.3266505937,67.9564483255,0.8603029774,0.2292261449,0.0019063777,4.30257864469751E-05,0.6769802045,0.0008995014,7.66201802590933E-05,48.5705290516,3151.9631634546,0.6730769231,0.6730769231,0.6923076923,0.25,0.9862005814,0.0650645649,0.1126222303,0.040380007,0.0282563514,0.098993765,0.2942385663,0.0256612645,0.0296589477,0.0367854993,0.1538596949,0.1142973958,0.0001817129,42.99,14.9,16.3,12.37,20.4,2.58,7677,16.25,18.53,15,1,0,1,1,0,0,0,0,0,0,1,21
recom-Women,23486,2,3.5008894423,4172,19314,11743,10707.0108807267,0,-2,1.096758015,0.67488194,0,149,68.5992506174,35.4964487975,-0.0906165213,-1.1247147524,1.9325665789,14.2917567566,7571,0.2626823233,0.6434243474,28.1664253897,0.3851583113,0.6454909308,-0.1035276642,15160,88491,106.2745382586,1474.4744490189,37.7940326748,1751.7431834346,0.0720762156,8.4719793744,0.2750534277,937.1044154666,0.624818526,0.4132527311,0.0322611642,2.07895556926557E-07,0.5822853478,0.0006635305,7.02610536674359E-05,42.6441403101,2368.4363837633,0.7852682373,0.8136531365,0.8836219131,0.8252909452,0.9986282196,0.1058728017,0.0844901876,0.0703820071,0.0453534866,0.1058299744,0.2006123683,0.0185119439,0.0254710692,0.0595274597,0.1662847382,0.117123967,0.0005399964,-1355127.09,0,520726.2,8.73,667596.5,66225.83,9455,55,534080.68,0,3,0,0,1,1,0,0,0,0,0,3,14
relevance-economic-news,8000,3,4.1119222122,9,6571,2666.6666666667,3454.0692426953,0.5766887981,-1.5,0.7720362504,0.6869024338,31,1055,286.818625,93.1745239569,1.4908143411,4.928068222,3.0782945039,12.8951695486,2820.2357269483,0.1490059118,6.624827406,75.3025098221,0.3475493711,6.64525,0.3346797137,53162,100331,43.1614499078,933.0321612693,72.0477355066,6258.4590103064,0.0462593378,9.9978908069,0.3384020373,423.4722867016,0.4863433516,0.2047605012,0.0051230228,3.92231147265471E-07,0.6784387793,0.0003463529,3.32144801699349E-05,77.7326399028,7668.8090606681,735,0.7416666667,0.8175,815,0.9953714083,0.0779181443,0.1001608595,0.0325405995,0.0229840374,0.0872310855,0.3496713297,0.0404406269,0.0295535201,0.0235933074,0.1332070049,0.1022292398,0.0004702449,30.37,17.4,19.1,15.33,24.6,2.28,29145,33.5,18.88,18,3,0,0,1,0,0,0,0,0,0,3,1
relevance-short-news,5007,3,4.2420359358,55,2901,1669,1460.9490066392,-0.4475167729,-1.5,1.1424081145,1.0551434313,3,406,59.6786498902,30.8622134344,2.0224629799,8.6493853376,1.9337125646,12.1229225035,1192.8598688307,0.0613272829,4.0073702732,15.8019708814,0.5190134532,4.0165767925,0.3400437084,20111,15799,14.8580876137,214.2973158521,54.1228337501,3448.5251968912,0.0693339884,9.9131248392,0.2727314422,401.2993607627,0.4731624682,0.3442505563,0.0243688756,1.22387662596818E-20,0.7704756383,0.0005577885,5.69462260771627E-05,72.0775514046,6612.1556162717,0.5642049235,0.6167664671,0.7099135063,0.5968063872,0.9986778377,0.0771591407,0.1153036535,0.0368627661,0.0253236996,0.0990793512,0.3056614382,0.041414138,0.0236872137,0.0248652158,0.1349280984,0.1150124995,0.0007027854,31.18,17,18.8,13.53,23,2.66,10716,32.5,19.64,18,3,0,0,1,0,0,0,0,0,0,3,57
reuters,13328,84,3.9584363993,2,3964,158.6666666667,510.6074892049,6.0418137689,38.966070361,0.3107409704,4.113121021,10,3417,188.0010504202,231.2774267882,6.1781171912,69.4361870059,0.8128811057,13.0664375432,507.5590590391,0.1133420971,3.1139496107,3.4014217204,532.5922983699,3.1212484994,0.2173674177,41600,148557,60.2326442308,1186.1634516353,81.5643410692,8410.2054372051,0.0507793796,10.0403103037,0.3092269804,665.6442911446,0.5865333724,0.453860341,0.0605282237,5.67810824965636E-07,0.6401510034,0.0003895826,3.31826648498834E-05,68.3838545357,6184.115272335,0.5948987247,0.5906476619,0.6934233558,0.4816204051,0.997288788,0.0677680851,0.0880584018,0.0210657555,0.02297462,0.067212946,0.3432683689,0.1061517082,0.0267859637,0.0181316195,0.1161394241,0.1218105439,0.0006325633,-65.83,25,51.9,13.83,62.2,6.03,18659,22.6666666667,49.82,51,0,1,0,1,0,0,0,0,0,0,0,10
Sarcasm-Headlines,26709,2,4.5753714032,11724,14985,13354.5,2305.8752134493,0,-2,5.7915102787,0.9892200931,2,51,11.3787487364,3.8947925597,0.5504869448,1.7963059157,2.9215288265,14.6197022743,1630.5,0.0698610885,0.9519662647,4.5676095687,0.3816880921,0.9523756037,-0.020066138,25437,13683,11.9477532728,137.9578473692,59.2810772404,4709.6500293739,0.0866043759,11.0791444967,0.2322500626,807.3737411303,0.2980289744,0.289652823,0.0164961922,-4.09963540299875E-20,0.7035292965,0.0004758865,3.9313280274565E-05,78.9838167151,7607.2042657083,0.7384250593,0.7565206539,0.8347685012,0.8214152003,0.9996783144,0.1236003488,0.0962407252,0.0406166198,0.0085550236,0.0410772749,0.3510027475,0.0185742724,0.0497968182,0.0292154056,0.1629764901,0.0760903542,0.0022539197,-239389.7,0,92010.9,18.36,117963.3,11707.45,37080,70,94373.89,92010,2,0,0,1,0,0,1,0,0,0,2,30
sent-imdb-short,748,2,3.8481549393,362,386,374,16.9705627485,0,-2,22.038161347,0.9992572573,2,1666,23.3315508021,80.9711947013,16.0689910528,282.5324036651,0.2881463079,8.3044272497,12,0.0595378123,4.5222716144,4.7092162967,0.2399294325,4.5467914439,0.4807983538,3401,900,5.1314319318,29.7376482017,18.0854097263,412.4265380548,0.1725567502,8.9860846413,0.2408013099,188.7346880202,0.6130227343,0.5480819609,0.0312458693,1.45127664018722E-05,0.7060297626,0.002911246,0.0003198213,25.4596251501,856.564197279,0.6044444444,0.6666666667,0.6844444444,0.7022222222,0.9994936275,0.0929979372,0.0892161357,0.0655512262,0.0334632134,0.1133394453,0.2239857896,0.0254985102,0.0219459088,0.062514325,0.1464015586,0.1241118496,0.0009741004,-1150.56,66.9,474.9,11.17,606.6,65.43,1529,8.5,491.12,474,3,0,0,1,1,0,0,0,0,0,3,57
sent-semeval16,30631,3,3.7974721336,4810,13831,10210.3333333333,4766.552248044,-0.5902983811,-1.5,2.1420793903,1.4670336848,1,79,23.1819072182,6.1556490144,-0.1270924954,-0.0618901462,3.7659566301,14.8492845783,3891.8736133413,0.1386875403,1.1893120771,6.418602381,0.9017275882,1.1900035911,0.0553406719,36451,23019,19.4805355134,288.1931887554,47.3840748449,2872.9916023113,0.0675954057,10.2070877885,0.2392309148,1071.8336372069,0.4685855491,0.4241402184,0.0125097115,1.12521043542636E-06,0.6397583506,0.00042367,3.59254905858609E-05,60.928111283,5295.5982262688,0.4807399347,0.5142546246,0.6294885745,0.601523395,0.9994137769,0.0651640297,0.0878922946,0.0379475697,0.0217438757,0.0634726828,0.3478668047,0.0304907159,0.0320398262,0.0625136427,0.146171233,0.103634072,0.001063253,51.86,13.1,15,10.92,19,2.45,23664,60,18.07,18,3,0,0,1,1,0,0,0,0,1,3,57
sent-semevalSA,6999,3,3.8102897115,1008,3399,2333,1216.3597329738,-0.3734424055,-1.5,1.9180181132,1.4394139794,5,1116,24.2246035148,24.3990736149,33.6593329783,1291.4939387013,0.9928493146,12.6102371196,993.1535631512,0.0870051544,2.5746854409,5.559166045,0.7965948007,2.5777968281,0.2970899051,18042,5529,9.3974060525,97.8491401131,33.5829420669,1436.3186322883,0.0960397408,10.2312258656,0.2407115775,510.1526811429,0.468151981,0.4218308632,0.0142332884,1.68859689756886E-06,0.6465539328,0.0008174679,7.11604585324207E-05,45.0613997329,2826.9067215402,0.4985714286,0.580952381,0.6461904762,0.6066666667,0.9994047245,0.0597117041,0.0886651568,0.0315308939,0.0200769104,0.0610387619,0.3742892868,0.0328107675,0.0326751127,0.0538490575,0.1295031496,0.114486753,0.001362446,58.15,12.4,12.6,11.44,16.3,6.15,8751,14.25,16.55,12,3,0,0,1,1,0,0,0,0,1,3,10
sent-twitter-airline,14640,3,3.8141636376,2363,9178,4880,3740.3244511673,0.6764296032,-1.5,1.3046996494,1.3211991685,3,48,22.8129781421,8.2208979893,-0.4324961297,-0.6122428686,2.774998324,13.7316447739,3053.9621259385,0.1478463017,1.2700212294,7.6953052827,0.7017597437,1.2714480874,0.076792826,18614,16278,17.9425163855,228.6487764257,43.7927363114,2586.3811469464,0.0784719545,9.4040834569,0.2251151058,800.1562376682,0.5352491207,0.4902896044,0.0120524902,2.996093576039E-06,0.5100516899,0.0008025316,6.58010829605425E-05,32.4726742274,1482.9114295139,0.6391165756,0.6755464481,0.7871129326,0.6548269581,0.9994665733,0.071719434,0.0737135534,0.0475654377,0.0212855783,0.0519998084,0.3155319748,0.0255253277,0.0321364624,0.0769562432,0.1634489284,0.1189944368,0.001122815,54.36,12.8,11.9,13.52,15.9,1.77,8030,13.75,13.41,13,3,0,0,1,1,0,0,0,0,1,3,57
sent-twitter-self-dirve,7156,6,3.7960423548,110,4245,1192.6666666667,1568.9367949878,1.4589889212,0.5432604255,0.7601750883,1.734564038,3,63,23.4385131358,7.6215878783,-0.2778358384,-0.4406412984,3.0752795231,12.721777221,1432.2367898578,0.1741186624,2.5147391335,4.3949675789,2.1310467028,2.5177473449,0.2927245404,18017,8211,9.3093189765,125.8921769086,33.9337105871,1501.5253486125,0.0739467631,9.2714665237,0.2844187528,509.5254624432,0.5306368517,0.4453853561,0.0190407035,6.88455752904091E-06,0.3911911855,0.0005529887,0.000064862,38.3177849852,1606.4220002076,0.5472752678,0.530041919,0.6245924546,0.592920354,0.9994840926,0.0765176538,0.0585538318,0.030418659,0.0125502307,0.0476670284,0.4194758117,0.0143686727,0.0214755017,0.0438274328,0.132078509,0.1416417252,0.0014249431,31.18,17.2,18.8,19.45,27.8,7.26,10718,8.1666666667,22.07,18,3,0,0,1,1,0,0,0,0,1,3,14
sent-yelp,1000,2,3.7621008469,500,500,500,0,0,-3,0,1,2,35,12871,6.9341503763,0.7704597619,-0.0807962315,1.856175494,9.7630624601,0,0.0549745303,2.3667920073,3.7456708344,0.2618747373,2379,0.3392125748,2379,815,5.4102564103,26.9064009329,17.5585021832,415.867749322,0.2010769268,8.7560363189,0.2257667066,222.4377243264,0.6123025394,0.5654343851,0.0312859548,0.000001502,0.7029887163,0.0040346244,0.0004753559,21.8728634639,603.5728102843,0.6666666667,0.67,0.7266666667,0.73,0.9996739333,0.0947867299,0.0680599798,0.0811125787,0.0379146919,0.0943982597,0.2163002098,0.0094009789,0.0224535778,0.0791702276,0.1703053376,0.125475876,0.0006215523,-578.67,47.7,257.2,12.68,330.3,37.49,785,58,268.07,12,3,0,0,1,1,0,0,0,0,0,3,14
Sharktank,706,2,4.4114657112,323,383,353,42.4264068712,0,-2,8.320289792,0.9947837112,3,194,33.9971671388,28.1342776807,1.391357748,2.5158755365,1.2083895497,9.016722428,30,0.0687470316,7.2957039707,5.5045570999,0.2446376812,7.3300283286,0.5648958567,5175,1311,4.6380676329,32.5078002018,26.6086102069,854.0935930613,0.1426755303,9.7542866562,0.2235667375,166.4861686854,0.4720349263,0.4376215868,0.03321451,2.52091008809967E-07,0.5511188705,0.0026683948,0.0002095629,24.1698540545,713.4412917334,0.5,0.5094339623,0.5141509434,0.5283018868,0.9993078848,0.0926589451,0.0866177819,0.0282059828,0.0371635697,0.0989500875,0.3455545371,0.0071660695,0.0264561287,0.0307474377,0.1396133656,0.104616282,0.0022498125,43.26,13.8,14.1,13.87,17.5,7.04,2549,15.25,18.24,13,3,0,0,1,0,0,0,0,0,0,3,49
smsspam,310,2,3.4228077398,47,263,155,152.7350647363,0,-2,1.0148291767,0.6138619207,0,50,15.6709677419,11.5761777917,0.820558915,-0.3356133474,1.3537255581,7.8885600126,108,0.1576514797,5.147837482,3.8194924234,0.1254658385,5.1935483871,0.5986667949,1610,190,3.0173913043,9.2055294893,12.7216414131,209.3899956371,0.3277803094,9.1713337541,0.1786562309,137.2961026766,0.6765021881,0.6429672325,0.0282519714,-5.3301291267844E-09,0.7242115926,0.0077085044,0.0007085825,17.8792716547,430.7951691051,0.935483871,0.935483871,0.9139784946,0.9032258065,0.999637957,0.0699876492,0.0631947303,0.0572251956,0.0195553726,0.0399341293,0.3200905723,0.0337587485,0.0399341293,0.0895430218,0.1683820502,0.0965417867,0.0018526142,82.04,8.5,5.4,8.75,7.5,6.26,435,5.5,12.64,5,3,0,0,1,0,0,0,1,0,0,3,43
socialmedia-disaster,10860,2,3.9800246692,4673,6187,5430,1070.5596667164,0,-2,5.072113371,0.9859345976,1,51,21.8732044199,7.7999813606,-0.3050630609,-0.33983814,2.8042636782,13.3041553802,757,0.0664687293,3.1075780718,6.7992872199,0.1891435679,3.1093922652,0.3676923279,33768,11406,7.0345593461,122.8759425227,56.7750891472,3882.8518856108,0.0572492809,10.4808723272,0.2445869578,567.8413232113,0.380382664,0.3522959374,0.0341939633,-2.74514954395147E-18,0.6512249279,0.0003428836,3.56056431329908E-05,89.4114715652,9066.7399917382,0.7176181707,0.7280540209,0.7980356047,0.7918968692,0.9995131737,0.0760914866,0.066821586,0.0259363568,0.0145784132,0.0435079123,0.4528316978,0.0244713589,0.0222822815,0.0390371427,0.1131079426,0.1205592251,0.0007745966,9.12,19.6,25.2,20.5,35.1,8.35,19639,31.5,28.52,19,3,0,0,1,1,0,0,0,0,0,3,57
starter-test,10876,3,3.9761278448,16,6187,3625.3333333333,3216.133444578,-0.5349429194,-1.5,1.127233492,1.0004466375,1,52,21.8808385436,7.8276349051,-0.2978906094,-0.3437672149,2.7953320267,13.3056726487,2625.9619613053,0.0664638083,3.0881108888,5.8363086496,0.2029590969,3.0899227657,0.3656151036,33606,11432,7.08135452,123.4537788722,56.5743409745,3858.6327853128,0.0573603707,10.4675248332,0.244294999,569.0788905704,0.3811643894,0.3530066094,0.0342198752,-3.85614900854515E-18,0.6510093619,0.0003443718,3.5789335899822E-05,89.1313062901,9012.0529713514,0.7189702728,0.7110021453,0.7952804168,0.7906834202,0.999513565,0.0759068141,0.0668890981,0.0259143779,0.0145644939,0.0435169933,0.4526674959,0.024426833,0.0222795576,0.0390669647,0.1130618214,0.1209029482,0.0008026019,9.12,19.6,25.2,20.38,35,8.34,19599,31.5,28.49,19,3,0,0,1,1,0,0,0,0,1,3,57
subjectivity,10000,2,4.0902325364,5000,5000,5000,0,0,-3,0,1,10,134,25.6648,10.6350247454,1.231989285,3.4807808371,2.4132336891,13.172175093,0,0.0529515677,2.097850739,9.1516691532,0.3082710347,2.1001,0.2286463584,21001,12192,12.2207513928,186.3461163428,48.5068228421,2740.2940280075,0.0655809288,9.8988243364,0.2690112158,561.7212350834,0.4327838621,0.3783406112,0.0267868558,5.11902066547147E-09,0.7079027794,0.0004719296,4.76058541528057E-05,69.5833839839,6087.7852029722,0.7346666667,0.7536666667,0.8746666667,0.9153333333,0.99936744,0.1023152333,0.1007956423,0.0475670958,0.0339102584,0.1007800567,0.2516559646,0.0096045946,0.0307814594,0.0529051463,0.1355708987,0.1322122128,0.001901437,-215231.35,0,82730.5,12.91,106062.4,10525.87,13885,64,84853.02,12,3,0,0,1,1,0,0,0,0,0,3,57
tripadvisor,17223,5,3.9082242325,1027,7643,3444.6,2911.5211316424,0.584782658,-1.315042405,1.1830929072,1.9177866567,2,1277,100.1129884457,86.1121448002,2.9498936708,15.5510153337,1.1625884906,13.6719282414,2604.1436673118,0.1987580482,1.8786021103,14.322450668,3.6026869857,1.8825407885,0.1373385202,32423,84123,53.1797181013,932.5551570938,55.6996426613,3893.0455095486,0.0570258153,9.358594653,0.286262039,774.5830610426,0.570035408,0.378647597,0.0249318998,2.74263127610953E-07,0.6079885289,0.0003912313,3.79421703315837E-05,60.7457438645,4954.2044604214,0.3814592607,0.4480356106,0.6005419005,0.4443584285,0.9980097621,0.0938178195,0.0888075135,0.0704951614,0.0449715412,0.1014634803,0.2218291357,0.0124396403,0.0255955357,0.0723736636,0.1639980606,0.103509592,0.0006988562,66.37,10.6,9.4,9.28,11,1.27,18084,8.1666666667,11.17,10,3,0,0,1,1,1,0,0,0,0,5,14
sentence_polarity,10662,2,4.1226013669,5331,5331,5331,0,0,-3,0,1,1,68,22.8354905271,10.2347433723,0.3733205008,-0.2233888164,2.2311737282,13.2298818901,0,0.0521595899,1.7246080283,8.389055192,0.3903194263,1.7265053461,0.174566555,18408,14010,13.2264232942,194.1230182077,46.2558493217,2579.2826583001,0.0681342348,9.6914318584,0.2637761282,579.8743364654,0.4268967721,0.3822073098,0.0280922758,-1.50170290073107E-18,0.6817999867,0.0005463161,5.42598725846077E-05,61.3064605398,4767.0849053317,0.5942482026,0.6120662707,0.7336667709,0.7743044701,0.9994392047,0.1146333049,0.097526615,0.0591977722,0.0356344877,0.102783893,0.2401959979,0.0071671486,0.0266765788,0.0430152132,0.1297685155,0.141018269,0.0023822041,-199932.25,0,76852,13.72,98526.5,9778.21,12427,63,78823.72,76851,3,0,0,1,1,0,0,0,0,0,3,57
yahoo_answers,1459998,10,3.730062346,145999,146000,145999.8,0.4216370214,-1.4999999999,0.2499999998,346268.929446788,3.3219280949,3,2633,103.69387,132.5593148524,3.4611440876,15.60094705,0.782245066,15.8701867647,0.4,0.2595629906,6.2132582322,0.8843934817,10.1262936203,1.80241,0.1269270479,180241,346482,57.5306783695,2090.8756477408,110.799486099,15285.4924194635,0.0275151124,10.1056429034,0.2623225495,1010.4111611599,0.4953562908,0.4093621838,0.034261933,2.78421478966728E-08,0.5607338766,0.0004648026,3.97855499943099E-05,50.7959734118,3443.4557308596,0.234137931,0.3591954023,0.6243678161,0.6031034483,0.9985143333,0.0764712514,0.09147696,0.0529713087,0.0333171093,0.0808786479,0.2502685067,0.0131910401,0.0289626571,0.0826802009,0.178739399,0.1076889116,0.0033540073,54.09,13,14.1,10.92,17.9,1.88,106258,10.1666666667,16.04,10,3,0,0,1,0,0,0,0,0,0,3,9
YouTube,1956,2,3.6416103604,951,1005,978,38.1837661841,0,-2,25.612978963,0.9994501433,1,422,21.7914110429,29.7944955841,3.7356369906,25.0021915317,0.7313905007,10.0947545523,27,0.1389785055,3.0224216802,6.5592388845,0.1762523191,3.0311860941,0.3598728768,5929,1577,7.1890706696,40.3894315734,18.4819705306,505.663884275,0.1779938561,9.5944705946,0.2363748314,312.4346873842,0.65112937,0.6051128337,0.0503299075,-1.10897774939249E-13,0.4571334275,0.0016840585,0.000221731,22.0249453452,557.8164130387,0.7887563884,0.9318568995,0.930153322,0.9250425894,0.9995609237,0.0647287913,0.0629457583,0.0364817943,0.028246997,0.0562124625,0.3727242868,0.0355668168,0.0227102102,0.0716732357,0.1421734234,0.1049408784,0.0015953453,44.71,11.8,15.6,15.39,22,6.46,1961,18.6666666667,18.67,18,3,0,0,1,0,0,0,1,0,0,3,14
rating-yelp,699998,5,3.6550515325,139999,140000,139999.6,0.5477225575,-0.4082482905,-1.8333333333,255603.129872334,2.3219280949,1,1345,182.05099,170.7402207807,2.173418565,6.2522405313,1.0662454878,16.1017322001,0.4898979486,0.3073354707,4.3332329231,14.465226497,3.9798157742,1.25757,0.044037021,125757,790141,144.7641006067,4647.5588431744,101.2168185876,12962.4270532522,0.0311484169,9.6622934462,0.2839552451,984.3750000103,0.5429634367,0.3627912353,0.0290561284,5.13187637237722E-12,0.6026922139,0.0004556802,3.97939473542842E-05,55.4911300478,4264.2277120149,0.2835632184,0.3495402299,0.5505747126,0.5089655172,0.9973484782,0.0710571802,0.0863438864,0.0652112356,0.0363904091,0.0867593744,0.2225318852,0.0163740939,0.0329268739,0.0981603011,0.182148364,0.1003079412,0.001788455,66.91,10.9,11.3,8.95,14.1,1.53,65059,8.5,13.97,8,3,0,0,1,1,1,0,0,0,0,5,14
ag_news,127598,4,4.2450499924,31898,31900,31899.5,1,-1.1547005384,-0.6666666667,31899.5,1.9999999995,5,272,38.24085,14.0380743677,3.1020731666,21.8525471925,2.7240808816,16.5283699839,0.8660254038,0.1289976329,2.2231420522,5.9999530382,1.7822414628,0.64504,-0.1203223001,64504,155285,59.284462979,1308.2113606729,80.5755237178,7813.990461187,0.0453171901,10.4871793913,0.264747843,920.4241867074,0.3871196532,0.3299769468,0.0215026295,5.04027344240648E-08,0.7358975502,0.0004510305,3.97981634291993E-05,79.261817773,8083.5648685423,0.7426436782,0.7210344828,0.8777011494,0.8854022989,0.9990934529,0.0694955787,0.1015024509,0.0193340368,0.0192644776,0.0791067667,0.3683743954,0.0388003928,0.0275660714,0.0232225487,0.1208372722,0.131740011,0.0007559978,-16.54,22.8,37.1,15.34,47.5,4.49,35782,64,37.16,36,0,1,0,1,0,0,0,0,0,0,0,10
df_text,215513,2,4.1488459152,107203,108310,107756.5,782.7672067735,0,-2,137.6609789827,0.9999809675,1,52,23.1154777778,5.8915943422,-0.7894628911,0.7467992971,3.9234673053,16.4045128142,553.5,0.1086689795,2.8502069943,7.6999421183,0.356025759,0.9028,-0.0325598328,81252,93198,25.6042066657,650.01724766,90.1121761569,9785.0499216676,0.039390042,10.5553018836,0.2537529352,963.6338794007,0.422159685,0.3799011656,0.0207098377,-3.13018844751455E-22,0.6270920785,0.000429027,3.98175285536584E-05,64.9495719714,5242.3428660103,0.5422222222,0.6260818713,0.7031578947,0.6984795322,0.9994229673,0.0787755006,0.0867619724,0.0224741191,0.0344430115,0.0871806433,0.3335946622,0.0139593817,0.0355120403,0.0535865099,0.141336757,0.111305412,0.0010699901,33.55,17,19.9,13.71,25.9,2.75,50422,17.25,21.49,16,3,0,0,1,0,0,0,0,0,0,3,14
News_Categories,124989,30,4.4321181853,1004,32739,4166.3,5929.4447617596,4.0605784863,16.5525802432,0.7026458914,4.1919202045,0,89,11.6690555556,3.8042641165,0.352887571,2.7719856423,3.0673620964,16.3782213068,5829.783130043,0.1016570765,1.3043002728,0.9569841882,88.7564190638,0.4131444444,-0.3597799775,37183,56077,28.2444934513,416.6609073555,82.2336552476,9504.7592379794,0.0677877213,10.8505514856,0.2397303553,868.4657470897,0.3290229106,0.3180733531,0.0244737755,-9.27050748136495E-18,0.795554257,0.0004135577,4.31208799860662E-05,89.8150604911,9875.564312008,0.0919298246,0.2904093567,0.4313450292,0.436374269,0.9997006456,0.0210747323,0.0767376204,0.0154644525,0.011698557,0.0415895793,0.5964950034,0.0148122051,0.0667987031,0.026003247,0.0674452374,0.0617197431,0.0001609194,-78.15,30.7,60.8,17.54,79.6,12.75,91797,66,65.54,65,0,1,0,1,0,0,0,0,0,0,0,10
ohsumed-all,56984,23,4.8381528118,427,9611,2477.5652173913,2225.1160710498,1.7950171134,2.9400061022,1.1134543719,4.0695859752,27,743,214.228801067,99.081024679,0.538309934,0.1333595367,2.1621577064,15.6420091625,2176.2064485283,0.1630110661,3.1902657036,1.957754133,89.8127626306,1.3947599326,0.06199358,79479,556354,153.5954654689,4047.0132459018,92.0149416092,9977.7417894699,0.0379527953,10.28065834,0.3297597157,748.2711785921,0.3884527458,0.2314801532,0.0112195386,3.32888127499838E-06,0.5374718945,0.0004269547,3.98193024659608E-05,64.812596813,4897.5449322089,0.161039657,0.229903537,0.4283226152,0.3672293676,0.9969046719,0.1233150884,0.1246995523,0.0236669508,0.0334165219,0.0714967724,0.3113903339,0.0572396047,0.015473294,0.008121243,0.1078833259,0.1218857346,0.0014115781,-105.42,37.4,67.1,18.24,85.3,7.89,44617,12.6666666667,65.22,12,0,1,0,1,0,0,0,0,0,0,0,10
rating-amazon,568454,5,3.6774155028,29769,363122,113690.8,140686.826560627,1.4355006557,0.1599308303,0.8081126199,1.6324649021,3,2699,108.1212666667,110.1777701735,4.6815568976,39.2426995893,0.9813346785,15.9828230309,125834.123091314,0.2591482015,2.4127158595,11.372259947,4.0114755507,0.7647888889,-0.0572583673,68831,433824,141.3740029928,3430.2465821483,75.4668191179,7190.6893872541,0.0412139476,9.555098921,0.2728523341,1033.0416648605,0.5597717352,0.4101118433,0.0201555261,2.88721633861622E-09,0.5515100736,0.0004593827,3.9790559193079E-05,47.9707865384,3170.2466384794,0.3741520468,0.396374269,0.5162573099,0.5067836257,0.9980734339,0.0790501283,0.0871161743,0.0619772202,0.0322658283,0.0917650696,0.2428864339,0.0161934429,0.0252486046,0.0888999738,0.1660917977,0.1073641181,0.0011412083,51.65,12.3,15,9.53,17.9,1.87,35415,24,16.66,9,3,0,0,1,1,1,0,0,0,0,5,13
amazon_full,3649998,5,3.7784013094,729999,730000,729999.6,0.5477225575,-0.4082482903,-1.8333333334,1332790.82629916,2.3219280949,11,265,94.3866888889,50.1888065619,0.639997158,-0.4728238049,1.8806322635,16.2568751335,0.4898979486,0.2157609585,4.8850252817,8.2919428921,3.5270741724,1.5476555556,0.0960419659,139289,414352,60.9868833863,2118.3860001255,115.1220232484,17003.9894698117,0.0287893157,9.999336323,0.2850036225,977.3833715872,0.5201920701,0.3664991066,0.0203802695,2.34686024066735E-08,0.6229069949,0.0004326113,3.98144400163741E-05,57.6688052883,4540.9990894867,0.2713450292,0.3208187135,0.489005848,0.4759064327,0.9981708725,0.0744090327,0.0876036899,0.0612270892,0.0303994137,0.1007749209,0.2385285731,0.0145092258,0.029810583,0.0807874039,0.1694400882,0.111328669,0.0011813106,67.69,10.4,8.9,9.23,10.3,1.18,76692,14,10.6,8,3,0,0,1,1,1,0,0,0,0,5,14
sarcasm,1010826,2,3.7187674214,505413,505413,505413,0,0,-3,0,1,0,2222,12.7955777778,18.7771443874,62.838972175,6100.4375031287,0.6814442875,15.9906787586,0,0.13109251,2.2018673825,3.6883767525,0.3106098413,0.6973888889,-0.1413879919,62765,39397,18.3478371704,378.4181329106,66.1538096368,5373.0574929778,0.0484856184,10.3294062248,0.2188739396,1023.5753496453,0.440678431,0.4211647719,0.0238294216,-5.06279225624863E-18,0.7009136117,0.000428631,4.11078691430038E-05,67.7545451826,6360.3050548764,0.5411695906,0.6052631579,0.665380117,0.6611695906,0.9996864924,0.0752673233,0.0852620958,0.0610523427,0.0235046483,0.07930865,0.2564809717,0.0170024019,0.0271725822,0.0881580616,0.170037044,0.1140229003,0.0027309782,-529.65,46.4,238.4,12.91,306.3,34.67,45523,27.5,247.67,12,3,0,0,1,1,0,0,0,0,0,3,34
sent-amazon,3999998,2,3.7807521949,1999998,2000000,1999999,1.4142135624,0,-2,1414212.85526631,1,12,289,97.6599666667,51.2093528087,0.567211985,-0.5990380582,1.9070728551,16.2602116557,1,0.2167834258,4.8738048856,27.4227640397,0.3563565724,1.5440888889,0.0948237053,138968,423619,63.2476325485,2206.5085323218,114.3401029167,16653.4688001078,0.0286641233,9.980149252,0.2861237389,973.6292044738,0.5129839765,0.3646858874,0.0202252974,2.08259587631334E-08,0.6105880768,0.000435248,3.98121516882047E-05,56.5575917147,4319.359565908,0.6362573099,0.7176608187,0.8594152047,0.8585964912,0.9982026854,0.0768635209,0.0890741424,0.0621669496,0.031428891,0.10124153,0.2357897817,0.0141229256,0.0297361696,0.0795238854,0.167531288,0.1113762412,0.0011446747,67.18,10.6,9.1,9.23,10.5,1.21,77535,7.5714285714,10.79,10,3,0,0,1,1,1,0,0,0,0,5,13
sentiment140,1600000,2,3.5485034866,800000,800000,800000,0,0,-3,0,1,1,80,17.1528333333,8.9017077125,0.3767010221,-0.6680362719,1.926914912,16.2559130906,0,0.188988155,3.2666462922,4.5236855359,0.2011846045,1.0346111111,0.011971732,93115,54598,16.5790151963,410.6460351147,77.319450199,7562.9943668265,0.0403730069,10.2402591863,0.2078666449,1055.4075512412,0.4501183854,0.4295500644,0.0166728007,-3.35923988907325E-20,0.5359406094,0.0004896798,3.97618041339077E-05,50.6055188253,3487.3122159099,0.5878362573,0.6814035088,0.7674853801,0.7650292398,0.9996183076,0.0842057192,0.0648477252,0.064208375,0.0241061567,0.051514651,0.2852330843,0.0145696694,0.0334897701,0.0847634502,0.1770475237,0.1143283746,0.0016855006,57.13,11,12.9,9.99,15.6,2.23,53137,10.8,16.1,10,3,0,0,1,1,1,0,0,0,1,5,14
sent-semeval17,62618,3,3.871642833,11812,28528,20872.6666666667,8446.1461823327,-0.2972108871,-1.5,2.4712651446,1.5010936298,1,79,22.2815164969,6.5962131608,-0.1994627876,-0.2322354563,3.3779254784,15.8666083307,6896.2494798904,0.1334115843,2.1853655174,4.8415865091,0.9216557913,0.9949854674,-0.0016196973,62304,43080,22.3938109913,434.7421313366,61.6364285694,4707.6124663109,0.0515105608,10.4960932843,0.2444939044,1025.8150536352,0.4680995247,0.4236407365,0.013323532,5.69335909870749E-07,0.633645453,0.0004604082,3.97896158846739E-05,58.340892496,4738.8206299663,0.498245614,0.5113450292,0.6869005848,0.6693567251,0.9994240094,0.0672415325,0.0858750996,0.0356630907,0.0206103106,0.0614102108,0.3655957753,0.0289702585,0.0314745159,0.0579763536,0.1393690189,0.1045738892,0.0012399443,53.07,13.4,14.5,11.73,19,2.32,41411,8.1666666667,17.42,14,3,0,0,1,1,1,0,0,0,1,5,57
sent-yelp-full,597998,2,3.6405237508,298999,298999,298999,0,0,-3,0,1,1,1345,183.9229222222,164.2289801693,2.1135186637,6.1371308792,1.1199175811,15.9891023648,0,0.2947923583,3.9931225612,42.7617368817,0.4038571884,1.2655222222,0.0451594791,113897,728417,145.3336172156,4497.9634694034,96.9408631275,11890.6634062472,0.0323109821,9.6358291909,0.2847464343,968.988308276,0.5376162873,0.3586933132,0.0295601822,-1.82661273261032E-25,0.6057046646,0.0004541681,3.9795323190423E-05,56.4170472223,4379.6108001196,0.654619883,0.7534502924,0.8879532164,0.8686549708,0.9973561977,0.0770421764,0.0864275693,0.0657732046,0.0371535467,0.0888892889,0.2253095394,0.0153816245,0.0309795837,0.09078199,0.1757401636,0.1045825174,0.0019387953,65.59,11.1,11.8,9.06,14.9,1.6,58849,5875,14.49,11,3,0,0,1,1,1,0,0,0,0,5,14
sogou_news,509998,5,3.6300734303,101999,102000,101999.6,0.5477225575,-0.4082482905,-1.8333333333,186224.939255013,2.3219280949,2,23967,594.7299222222,643.7411526459,5.5851483528,93.3240462877,0.9238650035,15.8473052524,0.4898979486,0.770122564,1.5005438186,43.9793844784,1.6198855411,0.4776777778,-0.115655363,42991,2433778,1245.0441487753,20234.8331588526,61.5580930479,6017.222035396,0.0615297462,8.7213674445,0.2658719443,1038.4521182056,0.6006922954,0.3859762111,0.0286422991,3.08757136956066E-09,0.5079306084,0.0006111945,0.000039628,33.2012071459,2032.3771004443,0.8649122807,0.8016374269,0.8989473684,0.8585964912,0.9930349123,0.0504102021,0.0014328446,0.002558136,0.0147046765,0.000101951,0.7923710768,0.0299355489,0.0001035391,0.0031155505,0.0224374862,0.0727019452,0.0101270431,-57579.78,34.7,22163.3,6.99,28414,2818.9,10533,50,22733.05,34,0,1,0,0,0,0,0,0,0,0,0,14
dbpedia,629998,14,4.7045768906,44998,45000,44999.8571428572,0.5345224838,-3.3282011774,9.076923077,84187.0239411718,3.807354922,2,1499,47.7400777778,27.6856134186,5.3308129959,199.0432528818,1.7243640968,16.2339560821,0.5150787536,0.1164993001,7.0154892411,4.1226549532,11.9565194078,2.2212444444,0.2064446,199912,253906,21.4924916963,1009.0609698734,162.4049892461,31489.4621569557,0.0212994976,10.6842958189,0.3217096706,890.9193462669,0.4645263262,0.3410577146,0.0233011524,1.06171260542228E-08,0.661853236,0.0003507042,3.98786017217014E-05,72.1611651758,6219.5037937217,0.7504387504,0.8597168597,0.9459459459,0.9495729496,0.9989354358,0.0664414967,0.1085633385,0.0181943566,0.0348474971,0.0906815541,0.4009617356,0.0314694828,0.0141744404,0.0209176683,0.1198704001,0.0929477609,0.0009302689,52.9,13.5,10.4,13.4,13.2,1.44,126386,15.75,8.67,13,0,1,0,1,0,0,0,0,0,0,0,14
auth-victorian,53678,45,3.9691156299,183,6914,1192.8444444445,1198.4793576475,2.9712959188,10.5342130018,0.995298281,5.0019584934,669,1000,991.0627817728,11.0114881956,-6.3320894436,84.5830384513,90.0026194618,15.7119519785,1185.0881065334,0.0560982028,0.379833923,8.7140293033,807.4971265652,0.1858675808,-0.2439157802,9977,3142432,5332.0906083993,53569.5077246382,34.8049764982,1592.3170548334,0.099535927,9.3664452518,0.4630545531,612.8826842198,0.7449369158,0.1671087125,0.0041442384,2.29946475560963E-05,0.6174648417,0.0009871843,9.95278817666715E-05,38.1491706696,1901.3892884667,0.6737607403,0.4690019828,0.7197620621,0.4261731659,0.9869424506,0.0804110577,0.1359753667,0.0660548573,0.0465785653,0.119882136,0.20588456,0.0064821283,0.0338393912,0.1018889186,0.2023574903,5.63928133900901E-06,0.0006398893,-53996145.17,0,20747324.3,7.23,26599131.3,2638634.09,5325,55,21279307.2,0,1,0,1,1,0,0,0,0,0,0,1,38
stanford,25000,2,3.8453221282,12500,12500,12500,0,0,-3,0,1,11,2850,284.04968,211.3372258473,2.1401841931,6.4084838278,1.3440589033,14.2898203381,0,0.1919411357,3.81572525,74.6327201467,0.4402407117,3822,0.2373408472,95550,290180,74.3196441654,2095.8584253399,87.427661173,9501.0349728954,0.0354602407,9.981997614,0.3438455177,802.8217208851,0.5601645648,0.2709617371,0.0126952215,4.25525663358006E-06,0.6421761212,0.0004292486,3.98173383409512E-05,60.0801407385,4964.6548729571,0.6138666667,0.7044,0.8576,0.8434666667,0.9955264933,0.0802814494,0.0957110038,0.0578628358,0.0328377768,0.1039588568,0.2687710122,0.0105892744,0.0290501295,0.0641234308,0.1511796106,0.1044560937,0.0011785262,62.11,11.9,11,9,13.7,1.44,57438,8.1428571429,10.76,10,3,0,0,1,1,0,0,0,0,0,3,34
